section,cluster_name,count
A 21st Century Curriculum,University programs and transfer,1
A Liberal Arts College Experience,University programs and transfer,1
Academic Advising,University programs and transfer,1
Academic Advising,"Writing, media and research",4
Academic Integrity,Academic rules and student status,3
Academic Integrity,Natural sciences and technology,1
Academic Integrity,University programs and transfer,2
Academic Recognition and Honors,Course credits and degree requirements,4
Academic Recognition and Honors,University programs and transfer,1
Academic Resource Center,"Writing, media and research",3
"Academic Warning, Probation, and Suspension for Students in the Class of 2025 and Beyond",Academic rules and student status,9
"Academic Warning, Probation, and Suspension for Students in the Class of 2025 and Beyond",Course credits and degree requirements,2
"Academic Warning, Probation, and Suspension for Students in the Classes of 2022-2024",Academic rules and student status,13
"Academic Warning, Probation, and Suspension for Students in the Classes of 2022-2024",Course credits and degree requirements,1
Accommodations,Academic rules and student status,2
Accommodations,"Writing, media and research",1
Animating Principles,University programs and transfer,1
Animating Principles,"Writing, media and research",2
Application Requirements,Academic rules and student status,1
Application Requirements,China and Chinese studies,2
Application Requirements,Course credits and degree requirements,5
Application Timelines,Academic rules and student status,5
Application Timelines,China and Chinese studies,1
Application Timelines,University programs and transfer,1
Arts and Culture,University programs and transfer,1
Athletics & University Sports,Academic rules and student status,1
Athletics & University Sports,University programs and transfer,2
Athletics & University Sports,"Writing, media and research",3
Blue Oasis Student Center,"Writing, media and research",1
Campus Engagement,"Writing, media and research",1
Campus Health Clinic,"Writing, media and research",2
Campus Programs,University programs and transfer,2
Campus Programs,"Writing, media and research",1
Career Services,China and Chinese studies,1
Career Services,University programs and transfer,4
Career Services,"Writing, media and research",1
Changes in Status,Academic rules and student status,8
Changes in Status,Course credits and degree requirements,1
Changes in Status,University programs and transfer,3
Chinese Student Services and Student Mobility,Academic rules and student status,1
Chinese Student Services and Student Mobility,China and Chinese studies,1
Class Attendance and Missed Work,Academic rules and student status,4
Class Scheduling,Academic rules and student status,1
Compliance with Academic Regulations,Academic rules and student status,1
Counseling and Psychological Services (CAPS),University programs and transfer,1
Course Audit,Academic rules and student status,1
Course Audit,University programs and transfer,1
Course Descriptions,China and Chinese studies,128
Course Descriptions,Course credits and degree requirements,54
Course Descriptions,"Environment, health and policy",127
Course Descriptions,Global history and society,198
Course Descriptions,Natural sciences and technology,171
Course Descriptions,University programs and transfer,3
Course Descriptions,"Writing, media and research",113
Course Repeat,Academic rules and student status,2
Course Repeat,Course credits and degree requirements,3
Course Repeat,University programs and transfer,2
Declaration of Major,University programs and transfer,2
Degree Requirements,China and Chinese studies,1
Degree Requirements,Course credits and degree requirements,18
Degree Requirements,University programs and transfer,10
Degree Requirements,"Writing, media and research",12
Dual Degrees,University programs and transfer,1
Duke Kunshan University Community Standard,University programs and transfer,1
Education Records,Academic rules and student status,1
Education Records,University programs and transfer,3
Eligibility for Courses,Academic rules and student status,1
Eligibility for Courses,Course credits and degree requirements,3
Entrance Credit and Placement,China and Chinese studies,2
Entrance Credit and Placement,Course credits and degree requirements,4
Entrance Credit and Placement,University programs and transfer,10
Entrance Credit and Placement,"Writing, media and research",1
Estimated Expenses,Academic rules and student status,7
Estimated Expenses,China and Chinese studies,2
Estimated Expenses,Course credits and degree requirements,3
Estimated Expenses,University programs and transfer,1
Exclusion of Disruptive Students from a Course,Academic rules and student status,1
Exclusion of Disruptive Students from a Course,"Writing, media and research",1
Final Examinations,Academic rules and student status,3
Grade Review Procedure,Academic rules and student status,6
Grade Review Procedure,University programs and transfer,2
Grading and Grade Requirements,Academic rules and student status,9
Grading and Grade Requirements,Course credits and degree requirements,7
Grading and Grade Requirements,Natural sciences and technology,1
Grading and Grade Requirements,University programs and transfer,6
Graduation and Commencement,Academic rules and student status,1
Host Family Program,University programs and transfer,1
How to Apply,University programs and transfer,1
Incomplete Coursework and Excused Absence from Final Exam,Academic rules and student status,4
Independent Studies,"Writing, media and research",2
International Student Services,China and Chinese studies,1
International Student Services,University programs and transfer,1
Key Components,Course credits and degree requirements,3
Key Components,University programs and transfer,3
Key Components,"Writing, media and research",3
Leadership Development,"Writing, media and research",2
Majors (listed in alphabetical order),China and Chinese studies,20
Majors (listed in alphabetical order),Course credits and degree requirements,24
Majors (listed in alphabetical order),"Environment, health and policy",26
Majors (listed in alphabetical order),Global history and society,26
Majors (listed in alphabetical order),Natural sciences and technology,34
Majors (listed in alphabetical order),"Writing, media and research",6
Mission Statement,University programs and transfer,1
Notification and Responses,Course credits and degree requirements,1
Notification of Intention to Graduate,University programs and transfer,1
Office of Global Education and Study Away,Academic rules and student status,5
Office of Global Education and Study Away,University programs and transfer,13
Overview,University programs and transfer,2
Overview,"Writing, media and research",3
Part 11: Academic Calendar 2021-22,Academic rules and student status,25
Part 11: Academic Calendar 2021-22,Natural sciences and technology,1
Part 12: Useful Contacts,University programs and transfer,3
Part 1: General Information,"Environment, health and policy",2
Part 1: General Information,University programs and transfer,1
Part 1: General Information,"Writing, media and research",1
Part 7: Academic Advising and Support,"Writing, media and research",1
Partners,China and Chinese studies,4
Partners,University programs and transfer,2
Principles of Selection,University programs and transfer,2
Procedure for Resolution of Students' Academic Concerns,Academic rules and student status,4
Procedure for Resolution of Students' Academic Concerns,University programs and transfer,1
Progress toward Degree,Academic rules and student status,5
Progress toward Degree,University programs and transfer,1
Refund,Academic rules and student status,11
Registration,Academic rules and student status,7
Registration,University programs and transfer,1
Religious Holidays,Academic rules and student status,1
Religious Holidays,University programs and transfer,1
Requirements for All Majors,Course credits and degree requirements,5
Requirements for All Majors,"Writing, media and research",2
Residence Life,University programs and transfer,1
Residence Life,"Writing, media and research",1
Scholarships and Financial Aid,Course credits and degree requirements,2
Scholarships and Financial Aid,University programs and transfer,3
Seven Principles of Duke Kunshan University Academic Advising,"Writing, media and research",2
Statement on Diversity and Inclusion,University programs and transfer,1
Statement on Diversity and Inclusion,"Writing, media and research",1
Student Affairs,"Writing, media and research",2
Student Affairs Conceptual Framework,Global history and society,1
Student Affairs Conceptual Framework,University programs and transfer,1
Student Clubs and Organizations,University programs and transfer,1
Student Conduct,Academic rules and student status,1
Student Conduct,University programs and transfer,1
Student Conduct,"Writing, media and research",1
Student Research Opportunities,University programs and transfer,2
Submission of Term Paper,Course credits and degree requirements,1
The Provision of Academic Information to Parents and Guardians,Academic rules and student status,1
Time Limit for Completing Undergraduate Degree,University programs and transfer,1
Transfer of Work Taken Elsewhere,University programs and transfer,7
Tuition and Fees,Academic rules and student status,1
Tuition and Fees,University programs and transfer,1
Two-Credit Writing Courses,Course credits and degree requirements,1
Undergraduate Course Load,Academic rules and student status,18
Undergraduate Course Load,Course credits and degree requirements,1
Undergraduate Course Load,University programs and transfer,1
Who We Are,Academic rules and student status,1
Who We Are,University programs and transfer,5
