iso3,country,gdp_2025_billion_usd,rank
USA,United States,30615.743,1
CHN,China,19398.577,2
DEU,Germany,5013.574,3
JPN,Japan,4279.828,4
IND,India,4125.213,5
GBR,United Kingdom,3958.78,6
FRA,France,3361.557,7
ITA,Italy,2543.677,8
RUS,Russian Federation,2540.656,9
CAN,Canada,2283.599,10
BRA,Brazil,2256.91,11
ESP,Spain,1891.371,12
MEX,Mexico,1862.74,13
KOR,"Korea, Republic of",1858.572,14
AUS,Australia,1829.508,15
TUR,Türkiye,1565.471,16
IDN,Indonesia,1443.256,17
NLD,Netherlands,1320.635,18
SAU,Saudi Arabia,1268.535,19
POL,Poland,1039.619,20
CHE,Switzerland,1002.666,21
TWN,Taiwan,884.387,22
BEL,Belgium,716.98,23
IRL,Ireland,708.771,24
ARG,Argentina,683.371,25
SWE,Sweden,662.318,26
ISR,Israel,610.752,27
SGP,Singapore,574.185,28
ARE,United Arab Emirates,569.097,29
AUT,Austria,566.456,30
THA,Thailand,558.573,31
NOR,Norway,517.102,32
PHL,Philippines,494.158,33
VNM,Vietnam,484.726,34
BGD,Bangladesh,475.011,35
MYS,Malaysia,470.572,36
DNK,Denmark,459.612,37
COL,Colombia,438.121,38
HKG,Hong Kong SAR,428.233,39
ZAF,South Africa,426.383,40
ROU,Romania,422.508,41
PAK,Pakistan,410.495,42
CZE,Czech Republic,383.384,43
IRN,Iran,356.513,44
EGY,Egypt,349.264,45
CHL,Chile,347.174,46
PRT,Portugal,337.936,47
PER,Peru,318.48,48
FIN,Finland,314.724,49
KAZ,Kazakhstan,300.052,50
